account_name,website,buyer_role,pain_point,trigger,proof_asset,outreach_angle,status,next_action,objections,confidence,decision_boundary,does_not_prove
Independent career coaches and resume writers serving knowledge workers,https://www.weforum.org/publications/the-future-of-jobs-report-2025/,Coach owner or solo practitioner,Need differentiated AI-transition guidance with credible caveats.,Client asks how AI affects their current role or resume positioning.,"/for-coaches, /sample-report, owner action queue, and proof-pack gallery.",Offer a source-labeled automation defense sample report with planning-only boundaries.,researched,Owner-approved manual 20-minute relevance review with one sample artifact; record objections before any paid pilot claim.,outcome proof; pricing fit; support workflow; no guaranteed job or client-result claims,4,Pilot-only manual founder-led outreach until owner/live evidence gates pass.,"Does not prove contact consent, outreach delivery, buyer reply, design-partner commitment, revenue, outcome, legal compliance, or CRM/email automation."
University career centers,https://www.naceweb.org/career-readiness/competencies/career-readiness-defined,Career center director or assistant director,Need workshop-ready AI career guidance without storing sensitive student details.,"Career-readiness programming, alumni reskilling events, or AI literacy workshops.",/tools/counselor-reports and career-center cohort HTML/CSV pack.,Show aggregate cohort proof pack with FERPA/NACE caveats and no individual ranking.,researched,Owner-approved manual 20-minute relevance review with one sample artifact; record objections before any paid pilot claim.,accessibility evidence; privacy/student-data boundary; no employment-decision use; manual review needed,4,Pilot-only manual founder-led outreach until owner/live evidence gates pass.,"Does not prove contact consent, outreach delivery, buyer reply, design-partner commitment, revenue, outcome, legal compliance, or CRM/email automation."
Workforce boards running role-transition programs,https://www.weforum.org/publications/the-future-of-jobs-report-2025/in-full/2-jobs-outlook/,Workforce program director,Need role-level planning artifacts that avoid employment-decision misuse.,"Regional AI workforce planning, grant programs, or reskilling initiatives.","/enterprise-dashboard, workforce CSV audit, and local-market snapshot packet.",Offer a 10-25 role CSV audit with source IDs and governance caveats.,researched,Owner-approved manual 20-minute relevance review with one sample artifact; record objections before any paid pilot claim.,integration depth; data freshness; local-market proof; no employee ranking or adverse-action use,4,Pilot-only manual founder-led outreach until owner/live evidence gates pass.,"Does not prove contact consent, outreach delivery, buyer reply, design-partner commitment, revenue, outcome, legal compliance, or CRM/email automation."
L&D teams at mid-market professional-services firms,https://www.weforum.org/publications/the-future-of-jobs-report-2025/in-full/2-jobs-outlook/,Head of L&D or People Operations,Need training priorities tied to job tasks rather than generic AI awareness.,Internal AI adoption plan or skill-gap workshop.,Enterprise dashboard and workforce executive report artifact.,Use role-level task exposure and review-required skill actions as a planning artifact.,researched,"Research a named account, confirm permissioned contact path, then offer a planning-only artifact review.",integration depth; data freshness; local-market proof; no employee ranking or adverse-action use,3,Pilot-only manual founder-led outreach until owner/live evidence gates pass.,"Does not prove contact consent, outreach delivery, buyer reply, design-partner commitment, revenue, outcome, legal compliance, or CRM/email automation."
Outplacement and career-transition providers,https://www.weforum.org/publications/the-future-of-jobs-report-2025/,Program director or product lead,Need scalable career-transition material with human review boundaries.,New cohort intake or employer-sponsored transition program.,"Resume analyzer proof report, deletion receipt boundary, and sample report.","Position proof packs as coaching aids, not validated employment assessments.",researched,"Research a named account, confirm permissioned contact path, then offer a planning-only artifact review.",outcome proof; pricing fit; support workflow; no guaranteed job or client-result claims,3,Pilot-only manual founder-led outreach until owner/live evidence gates pass.,"Does not prove contact consent, outreach delivery, buyer reply, design-partner commitment, revenue, outcome, legal compliance, or CRM/email automation."
Bootcamps and continuing education providers,https://www.naceweb.org/career-readiness/competencies/career-readiness-defined,Program director or partnerships lead,Need employer-relevant skill-transition narratives without unsupported placement claims.,"Curriculum refresh, AI literacy module, or alumni outcomes initiative.","Skill adjacency, career center cohort pack, and source freshness dashboard.",Show source-labeled skill adjacency and career-readiness evidence cards.,researched,"Research a named account, confirm permissioned contact path, then offer a planning-only artifact review.",outcome proof; pricing fit; support workflow; no guaranteed job or client-result claims,3,Pilot-only manual founder-led outreach until owner/live evidence gates pass.,"Does not prove contact consent, outreach delivery, buyer reply, design-partner commitment, revenue, outcome, legal compliance, or CRM/email automation."
Public libraries and community workforce programs,https://www.w3.org/TR/WCAG22/,Program manager or community partnerships lead,Need accessible AI career materials for broad public education.,Workforce development workshop or digital-literacy program.,"Trust Center, privacy page, and accessibility evidence queue.",Offer planning-only sample reports and accessible trust packet review.,researched,Hold as secondary segment until top-three relevance reviews produce disqualification or permissioned pilot evidence.,accessibility evidence; privacy/student-data boundary; no employment-decision use; manual review needed,3,Pilot-only manual founder-led outreach until owner/live evidence gates pass.,"Does not prove contact consent, outreach delivery, buyer reply, design-partner commitment, revenue, outcome, legal compliance, or CRM/email automation."
HR consultants advising smaller employers,https://www.eeoc.gov/laws/guidance/employment-tests-and-selection-procedures,Consulting principal,Need safe AI-readiness artifacts without creating adverse-action tools.,Client asks for workforce AI impact assessment.,"Blocked claims matrix, employment-decision boundary, and workforce CSV audit.","Frame as role-level planning and governance review, not employee scoring.",researched,Hold as secondary segment until top-three relevance reviews produce disqualification or permissioned pilot evidence.,integration depth; data freshness; local-market proof; no employee ranking or adverse-action use,3,Pilot-only manual founder-led outreach until owner/live evidence gates pass.,"Does not prove contact consent, outreach delivery, buyer reply, design-partner commitment, revenue, outcome, legal compliance, or CRM/email automation."
Economic-development organizations,https://www.weforum.org/publications/the-future-of-jobs-report-2025/in-full/4-workforce-strategies/,Economic development director or analyst,Need regional job-transition narratives with source and geography caveats.,"AI workforce report, grant application, or employer roundtable.",Local labor-market snapshot packet and source freshness dashboard.,Use source-labeled local-market snapshot template with reviewer notes.,researched,Hold as secondary segment until top-three relevance reviews produce disqualification or permissioned pilot evidence.,integration depth; data freshness; local-market proof; no employee ranking or adverse-action use,3,Pilot-only manual founder-led outreach until owner/live evidence gates pass.,"Does not prove contact consent, outreach delivery, buyer reply, design-partner commitment, revenue, outcome, legal compliance, or CRM/email automation."
AI literacy training providers,https://www.weforum.org/publications/the-future-of-jobs-report-2025/in-full/4-workforce-strategies/,"Founder, curriculum lead, or sales lead",Need evidence-backed role examples that connect training to job tasks.,Enterprise AI literacy sale or workshop proposal.,"Proof-pack gallery, task evidence cards, and pilot validation worksheet.",Co-sell proof-pack review as the diagnostic before training recommendations.,researched,Hold as secondary segment until top-three relevance reviews produce disqualification or permissioned pilot evidence.,outcome proof; pricing fit; support workflow; no guaranteed job or client-result claims,3,Pilot-only manual founder-led outreach until owner/live evidence gates pass.,"Does not prove contact consent, outreach delivery, buyer reply, design-partner commitment, revenue, outcome, legal compliance, or CRM/email automation."
